{"cameraMode":{"drawMode":0,"name":"Shaded","section":"Shading Mode"},"sceneLighting":true,"audioPlay":false,"sceneViewState":{"m_AlwaysRefresh":false,"showFog":true,"showSkybox":true,"showFlares":true,"showImageEffects":true,"showParticleSystems":true,"showVisualEffectGraphs":true,"m_FxEnabled":true},"in2DMode":false,"pivot":{"x":-1.0539333820343018,"y":4.307024955749512,"z":1.6214910745620728},"rotation":{"x":-0.023362312465906144,"y":-0.8941978216171265,"z":-0.04698861017823219,"w":0.4445876479148865},"size":5.364078044891357,"orthographic":false}