{"cameraMode":{"drawMode":0,"name":"Shaded","section":"Shading Mode"},"sceneLighting":true,"audioPlay":false,"sceneViewState":{"m_AlwaysRefresh":false,"showFog":true,"showSkybox":true,"showFlares":true,"showImageEffects":true,"showParticleSystems":true,"showVisualEffectGraphs":true,"m_FxEnabled":true},"in2DMode":false,"pivot":{"x":7.878355503082275,"y":0.764003336429596,"z":-9.42318058013916},"rotation":{"x":-0.021090880036354066,"y":-0.8971865773200989,"z":0.043097905814647678,"w":-0.43904927372932436},"size":12.634669303894043,"orthographic":false}